,episode,mob_type,total_damage_dealt,total_health_lost,total_time,min_reward,max_reward,killed_mob
0,1,Skeleton,20.0,3.3333319999999986,6.545924186706543,-20,104.99998500000001,True
1,2,Witch,2.0,8.666666,11.964704751968384,-60.0,60.0,False
2,3,Skeleton,20.0,16.333331,8.122524976730347,-20,45.0,True
3,4,Skeleton,20.0,0.0,9.943325757980347,-20,60.00001499999999,True
4,5,Witch,0.0,20.0,10.78104281425476,-45.0,60.0,False
5,6,Skeleton,20.0,0.0,5.60439133644104,-20,80.27038799999998,True
6,7,Skeleton,20.0,11.000002,9.054811239242554,-20,75.0,True
7,8,Witch,2.0,20.0,11.086141347885132,-45.0,60.0,False
8,9,Witch,0.5999979999999994,14.166668,11.930092096328735,-60.0,60.0,False
9,10,Witch,0.0,20.0,10.539937734603882,-45.0,60.000001000000005,False
10,11,Zombie,17.0424857,0.0,11.935258388519287,-20,44.100015000000006,False
11,12,Zombie,13.9654794,18.1666679,11.964016437530518,-20,58.8,False
12,13,Witch,4.0,3.1666680000000014,11.982609987258911,-60.0,75.0,False
13,14,Witch,4.0,20.0,12.054284572601318,-57.585600000000014,60.0,False
14,15,Zombie,20.0,0.6666680000000014,9.682854652404785,-20,44.10000000000001,True
15,16,Zombie,20.0,0.0,10.12808108329773,-20,78.9860625,True
16,17,Skeleton,20.0,11.333336,10.227925539016724,-20,45.000006000000006,True
17,18,Witch,0.0,4.333334000000001,11.917495012283325,-60.0,90.0,False
18,19,Zombie,20.0,8.166664,8.645459651947021,-20,73.79999850000002,True
19,20,Witch,2.0,7.833334000000001,12.093492269515991,-60.0,60.0,False
20,21,Witch,0.0,20.0,11.03420615196228,-20,60.000001,False
21,22,Zombie,20.0,0.0,8.85315752029419,-20,73.79999999999997,True
22,23,Witch,0.0,5.0,12.060375928878784,-60.0,75.0,False
23,24,Skeleton,20.0,9.833332,9.624650716781616,-20,43.71360000000001,True
24,25,Skeleton,20.0,13.166668,9.676117897033691,-20,75.0,True
25,26,Witch,0.0,17.833333,12.032373666763306,-45.0,60.0,False
26,27,Witch,2.4499989999999983,20.0,10.324606895446777,-60.0,90.0,False
27,28,Skeleton,20.0,2.0,6.906225919723511,-20,104.99998500000001,True
28,29,Zombie,20.0,12.0,10.563714981079102,-20,59.039992500000004,True
29,30,Zombie,20.0,7.833332,7.279664516448975,-20,154.979985,True
30,31,Witch,0.0,6.833334000000001,12.069464921951294,-60.0,120.0,False
31,32,Zombie,20.0,18.166667,10.113494634628296,-20,44.10000000000002,True
32,33,Witch,0.0,5.833333,12.034440517425537,-60.0,75.0,False
33,34,Witch,0.0,13.666666,11.98521113395691,-60.0,105.0,False
34,35,Skeleton,20.0,3.1666659999999993,3.4732730388641357,-20,105.0,True
35,36,Witch,0.0,18.999999,11.997889518737793,-50.0,60.0,False
36,37,Skeleton,20.0,16.833332,6.1347479820251465,-20,80.0,True
37,38,Witch,1.3000000000000007,4.833334000000001,12.019033908843994,-60.0,75.0,False
38,39,Witch,2.989439000000001,4.500002,12.014795780181885,-60.0,60.0,False
39,40,Witch,0.0,20.0,11.432770013809204,-60.0,60.0,False
40,41,Zombie,20.0,8.833333,9.271011590957642,-20,59.039999999999985,True
41,42,Skeleton,20.0,2.0,7.808823347091675,-20,75.0,True
42,43,Witch,0.0,20.0,10.995173931121826,-60.0,60.0,False
43,44,Zombie,20.0,8.666664,11.86114764213562,-20,44.100015000000006,True
44,45,Zombie,20.0,3.8333340000000007,8.398407936096191,-20,78.98606400000001,True
45,46,Zombie,20.0,17.833331,11.955559730529785,-20,53.20241250000001,True
46,47,Witch,0.0,8.833334,12.050053596496582,-60.0,45.0,False
47,48,Witch,0.0,20.0,9.120129108428955,-60.0,60.000000926514005,False
48,49,Zombie,20.0,0.8333340000000007,9.256705045700073,-20,73.8,True
49,50,Witch,0.0,20.0,11.968291521072388,-45.0,58.33333000000002,False
50,51,Zombie,20.0,11.666668,10.982137441635132,-20,30.931764,True
51,52,Skeleton,20.0,1.6666659999999993,7.588118314743042,-20,59.99998500000001,True
52,53,Skeleton,20.0,11.0,10.76741099357605,-20,44.999999999999986,True
53,54,Witch,0.0,11.333333,12.067802906036377,-45.0,60.0,False
54,55,Skeleton,20.0,17.000001,7.805630922317505,-20,60.0,True
55,56,Witch,3.0,7.333334000000001,11.97292447090149,-60.0,60.0,False
56,57,Zombie,16.1488113,20.0,9.019794940948486,-20,42.754979999999996,False
57,58,Skeleton,20.0,8.166668,10.087146043777466,-20,60.0,True
58,59,Zombie,20.0,0.0,8.455030918121338,-20,50.03920499999999,True
59,60,Skeleton,20.0,6.833334000000001,10.734850883483887,-20,45.0,True
60,61,Witch,0.0,10.166667,11.979906558990479,-45.0,45.0,False
61,62,Skeleton,20.0,16.833331,8.788536310195923,-20,44.999999999999986,True
62,63,Witch,2.0,15.833333,11.974005699157715,-60.0,150.0,False
63,64,Skeleton,20.0,0.5,4.040382385253906,-20,165.0,True
64,65,Skeleton,19.6252786,17.000002,11.973681688308716,-20,49.99998500000001,False
65,66,Zombie,20.0,12.666666,10.920191049575806,-20,59.04001499999999,True
66,67,Zombie,20.0,2.6666659999999993,8.43833613395691,-20,76.53317449999999,True
67,68,Skeleton,20.0,6.333333,8.063894510269165,-20,59.84158500000001,True
68,69,Zombie,20.0,1.1666659999999993,11.066237926483154,-20,103.3199955,True
69,70,Witch,4.0,0.0,11.982693672180176,-60.0,75.0,False
70,71,Skeleton,20.0,19.333333,7.55113410949707,-20,100.2704,True
71,72,Zombie,20.0,0.0,5.552123785018921,-20,103.3199955,True
72,73,Skeleton,19.37024117,19.166667,11.971897602081299,-20,30.00001499999999,False
73,74,Zombie,20.0,7.833333,4.806157350540161,-20,103.32001500000001,True
74,75,Witch,0.0,20.0,11.686786890029907,-60.0,60.0,False
75,76,Witch,0.0,9.833333,12.061095952987671,-60.0,60.0,False
76,77,Witch,5.0,20.0,10.795187711715698,-60.0,90.0,False
77,78,Zombie,20.0,3.5,9.988428592681885,-20,59.04,True
78,79,Witch,0.0,16.666666,11.977689981460571,-68.33334,105.0,False
79,80,Skeleton,20.0,6.833333,8.185131311416626,-20,60.0,True
80,81,Witch,3.0,4.333334000000001,11.967410802841187,-70.0,90.0,False
81,82,Skeleton,20.0,2.1666680000000014,4.34585165977478,-20,104.99998800000002,True
82,83,Witch,0.0,12.833334,11.982958316802979,-60.0,60.0,False
83,84,Witch,3.0,19.666666030000002,12.024720191955566,-60.0,60.000000299999996,False
84,85,Witch,0.0,19.66666794,12.03684115409851,-60.0,60.0,False
85,86,Witch,0.0,20.0,10.757426738739014,-60.0,60.0,False
86,87,Witch,0.0,14.833334,11.935034036636353,-60.0,101.66666,False
87,88,Zombie,20.0,3.1666680000000014,9.898953914642334,-20,88.55999999999997,True
88,89,Zombie,20.0,0.0,6.7644171714782715,-20,57.84768,True
89,90,Skeleton,20.0,6.500002,11.103971481323242,-20,47.58559895000002,True
90,91,Witch,0.0,19.666666030000002,11.982905626296997,-57.585600000000014,60.000000299999996,False
91,92,Skeleton,20.0,4.833333,7.078073978424072,-20,60.0,True
92,93,Witch,2.1499999999999986,9.333333,12.056128025054932,-70.00000000000003,120.00000000000003,False
93,94,Witch,0.0,20.0,11.979594945907593,-60.0,60.0,False
94,95,Skeleton,20.0,4.833333,8.84077763557434,-20,60.00001500000002,True
95,96,Witch,0.0,11.166666,12.061980485916138,-60.0,75.0,False
96,97,Witch,0.0,9.333333,12.09089469909668,-45.494399999999985,60.0,False
97,98,Zombie,20.0,7.000002,5.673267602920532,-20,133.3199925,True
98,99,Skeleton,20.0,6.333333,7.267635107040405,-20,92.097594,True
99,100,Witch,0.14999999999999858,15.833332,11.94901156425476,-60.0,80.27037000000001,False
100,101,Witch,0.14999999999999858,2.3333340000000007,11.981563329696655,-60.0,60.0,False
101,102,Witch,2.0,13.666665,12.048830032348633,-60.0,60.0,False
102,103,Zombie,20.0,11.333331,11.129306554794312,-20,59.04,True
103,104,Skeleton,20.0,13.500001000000001,9.168774127960205,-20,80.2703928,True
104,105,Skeleton,20.0,7.166668,6.830411434173584,-20,80.27038950000001,True
105,106,Witch,0.0,20.0,10.639254093170166,-60.0,45.0,False
106,107,Skeleton,20.0,16.833334,10.793567180633545,-20,65.0,True
107,108,Skeleton,20.0,0.0,5.240366458892822,-20,45.0,True
108,109,Zombie,20.0,2.8333340000000007,7.035261869430542,-20,73.8,True
109,110,Skeleton,20.0,7.000000999999999,8.732424974441528,-20,69.51840000000001,True
110,111,Skeleton,20.0,0.0,6.46160626411438,-20,30.000000000000014,True
111,112,Zombie,19.8768487,15.000002,12.086343765258789,-20,103.32,False
112,113,Witch,0.14999999999999858,9.666664,11.986685752868652,-57.8844,45.0,False
113,114,Zombie,9.392904,20.0,6.5418291091918945,-20,54.100015000000006,False
114,115,Skeleton,20.0,1.5,10.702643871307373,-20,105.0000045,True
115,116,Zombie,20.0,7.333332,8.852508544921875,-20,68.40608999999998,True
116,117,Zombie,20.0,14.833333,11.308478832244873,-20,58.8,True
117,118,Witch,4.0,14.999998,12.04710078239441,-20,60.0,False
118,119,Skeleton,20.0,13.333336,9.320523977279663,-20,90.0,True
119,120,Skeleton,20.0,1.1666680000000014,7.486405611038208,-20,45.0,True
120,121,Witch,0.0,17.666665000000002,12.006160020828247,-60.0,55.0,False
121,122,Skeleton,20.0,7.833334000000001,8.017184019088745,-20,147.4999925,True
122,123,Witch,0.0,3.6666659999999993,11.94909954071045,-60.0,60.0,False
123,124,Skeleton,20.0,2.0,5.774339199066162,-20,92.09758695000001,True
124,125,Skeleton,20.0,1.5,6.333833932876587,-20,70.270388,True
125,126,Witch,4.7499980000000015,1.3333340000000007,12.056738138198853,-70.0,62.24998499999997,False
126,127,Skeleton,20.0,12.166667,6.966096878051758,-20,113.212824,True
127,128,Skeleton,20.0,7.833334000000001,6.622372627258301,-20,74.99999849999999,True
128,129,Witch,0.0,20.0,12.019979238510132,-60.0,75.0,False
129,130,Skeleton,20.0,6.833334000000001,7.240755319595337,-20,61.161585,True
130,131,Witch,0.0,5.166668,11.991230010986328,-60.0,75.0,False
131,132,Witch,0.0,20.0,9.994143009185791,-45.0,50.0,False
132,133,Skeleton,20.0,0.0,4.306037187576294,-20,92.09759100000001,True
133,134,Skeleton,20.0,3.333335999999999,6.4629223346710205,-20,92.2368195,True
134,135,Witch,6.0,4.833334000000001,12.00243091583252,-60.0,140.0,False
135,136,Skeleton,20.0,4.000000999999999,4.53990626335144,-20,138.146385,True
136,137,Skeleton,20.0,3.0000019999999985,7.543724060058594,-20,59.999999999999986,True
137,138,Skeleton,20.0,5.0,8.280539512634277,-20,80.2703925,True
138,139,Zombie,20.0,5.666665999999999,11.690271615982056,-20,50.42016000000001,True
139,140,Zombie,20.0,11.833334,10.150414943695068,-20,58.8000045,True
140,141,Witch,0.0,18.8333311,12.047324419021606,-60.0,105.0,False
141,142,Zombie,20.0,2.0,9.0372474193573,-20,59.04,True
142,143,Zombie,20.0,3.6666680000000014,10.385702133178711,-20,88.56,True
143,144,Witch,2.0,19.333333969999998,11.964062690734863,-70.0,135.0,False
144,145,Skeleton,20.0,17.833332,7.942686557769775,-20,92.097588,True
145,146,Zombie,20.0,2.0000019999999985,8.786175012588501,-20,103.31998349999999,True
146,147,Witch,0.0,20.0,11.557297945022583,-48.119999999999976,60.0,False
147,148,Zombie,26.0,3.5,7.568492412567139,-20,90.0,True
148,149,Skeleton,20.0,8.833333,10.290367603302002,-20,43.33334000000001,True
149,150,Witch,8.0,4.0,11.967907905578613,-60.0,75.0,False
150,151,Zombie,13.819994000000001,16.333333,11.98723816871643,-20,58.79999999999997,False
151,152,Skeleton,20.0,1.6666680000000014,7.106130123138428,-20,95.0,True
152,153,Skeleton,20.0,1.5,9.707659482955933,-20,45.0,True
153,154,Skeleton,20.0,1.0,5.432995557785034,-20,60.0,True
154,155,Zombie,20.0,12.333332,11.205981492996216,-20,88.56000405,True
155,156,Witch,0.0,9.666664,11.965400218963623,-60.0,90.0,False
156,157,Zombie,20.0,12.166666,8.218124866485596,-20,59.03999999999997,True
157,158,Skeleton,20.0,0.0,4.79890513420105,-20,75.0,True
158,159,Zombie,20.0,3.0,3.7043545246124268,-20,78.98607000000001,True
159,160,Skeleton,20.0,6.166668,7.086196660995483,-20,69.51840000000001,True
160,161,Skeleton,20.0,8.0,10.158185243606567,-20,59.84158500000001,True
161,162,Zombie,20.0,2.0,8.915771961212158,-20,44.10000150000001,True
162,163,Skeleton,20.0,9.000002,9.151860475540161,-20,60.0,True
163,164,Zombie,14.6949596,20.0,10.213136672973633,-20,58.88412000000001,False
164,165,Skeleton,20.0,2.0,5.358516454696655,-20,105.0,True
165,166,Zombie,20.0,4.833334000000001,7.87745475769043,-20,88.56000000000003,True
166,167,Zombie,20.0,0.0,3.0638909339904785,-20,118.08,True
167,168,Witch,0.0,19.49999905,11.971015930175781,-60.0,60.0,False
168,169,Zombie,20.0,17.833333,9.439850568771362,-20,51.09052005,True
169,170,Zombie,20.0,5.999998,9.212484121322632,-20,44.10000000000002,True
170,171,Witch,0.0,19.666666030000002,11.995731353759766,-30.0,60.00000000000001,False
171,172,Zombie,20.0,14.666664,10.546786546707153,-20,44.10000599999999,True
172,173,Skeleton,20.0,8.000002,8.104475736618042,-20,45.0,True
173,174,Skeleton,20.0,15.000002,11.277758836746216,-20,90.0,True
174,175,Zombie,20.0,0.0,10.608948945999146,-20,59.040001499999995,True
175,176,Witch,0.0,6.166668,11.960256576538086,-46.886399999999995,31.886399999999995,False
176,177,Witch,1.0,17.666668,11.990224123001099,-61.66665999999999,75.0,False
177,178,Zombie,13.360284,20.0,8.380432367324829,-20,90.624015,False
178,179,Skeleton,20.0,9.833334,10.557905435562134,-20,60.0,True
179,180,Skeleton,20.0,3.1666680000000014,10.121641874313354,-20,34.828806,True
180,181,Zombie,20.0,6.166665999999999,9.738081216812134,-20,53.88413499999999,True
181,182,Skeleton,20.0,14.999998999999999,10.237798929214478,-20,90.0,True
182,183,Zombie,20.0,0.0,5.722967624664307,-20,88.56000300000001,True
183,184,Skeleton,20.0,1.1666680000000014,8.303075790405273,-20,49.99999699999999,True
184,185,Skeleton,20.0,2.0,6.504522323608398,-20,157.499997,True
185,186,Skeleton,20.0,3.5000019999999985,9.609925746917725,-20,43.71359999999999,True
186,187,Witch,0.0,11.833334,11.971904754638672,-60.0,60.0,False
187,188,Witch,0.0,20.0,9.310747146606445,-60.0,120.0,False
188,189,Zombie,20.0,4.833330999999999,10.782642364501953,-20,44.099999999999994,True
189,190,Zombie,20.0,2.0,10.86419415473938,-20,71.5861695,True
190,191,Skeleton,20.0,3.0000019999999985,6.360092401504517,-20,105.0,True
191,192,Witch,0.0,6.833332,12.030567169189453,-60.0,92.0976,False
192,193,Witch,0.0,20.0,10.849017143249512,-60.0,90.0,False
193,194,Zombie,7.7329419999999995,20.0,7.931011438369751,-20,58.79999999999997,False
194,195,Zombie,20.0,7.833330999999999,6.436636209487915,-20,85.36578,True
195,196,Skeleton,20.0,5.000002,7.91395902633667,-20,80.27039249999999,True
196,197,Zombie,20.0,0.0,6.46031928062439,-20,53.20240949999999,True
197,198,Zombie,20.0,5.666667,9.532042503356934,-20,103.32,True
198,199,Zombie,19.2327236,9.833334,11.985141515731812,-20,30.0,False
199,200,Witch,0.0,14.333336,11.983281373977661,-60.0,45.0,False
200,201,Zombie,20.0,8.666668,8.081227540969849,-20,78.98606999999998,True
201,202,Skeleton,20.0,0.0,6.6725616455078125,-20,45.0,True
202,203,Zombie,20.0,9.166665,9.033466100692749,-20,59.0400015,True
203,204,Skeleton,20.0,0.0,6.778959035873413,-20,60.0,True
204,205,Zombie,20.0,6.166668,9.443361282348633,-20,51.09050999999997,True
205,206,Skeleton,20.0,2.0,7.04163932800293,-20,75.0,True
206,207,Skeleton,20.0,7.500002,9.86473822593689,-20,45.0,True
207,208,Skeleton,20.0,2.5,9.310044288635254,-20,45.00001500000002,True
208,209,Zombie,17.0545733,7.833330999999999,11.989136219024658,-20,44.10000000000002,False
209,210,Zombie,16.4684763,6.333335999999999,11.995308637619019,-20,42.764340000000004,False
210,211,Zombie,20.0,8.166666,6.254631996154785,-20,129.01877499999998,True
211,212,Zombie,20.0,7.833334000000001,8.835959196090698,-20,44.820321,True
212,213,Skeleton,20.0,8.0,7.740099906921387,-20,134.99999400000002,True
213,214,Witch,3.4160000000000004,10.833334,11.996572494506836,-60.0,60.0,False
214,215,Skeleton,20.0,1.6666659999999993,7.767710447311401,-20,47.414403,True
215,216,Skeleton,20.0,3.333335999999999,6.736177682876587,-20,90.0,True
216,217,Skeleton,20.0,6.0,9.910279273986816,-20,75.0,True
217,218,Witch,14.0,16.166666,12.002936840057373,-30.0,105.0,False
218,219,Zombie,20.0,5.0,4.867956638336182,-20,103.31999999999998,True
219,220,Witch,0.0,3.0,11.961315393447876,-60.0,60.0,False
220,221,Skeleton,20.0,4.666668,8.92586064338684,-20,70.27039400000001,True
221,222,Zombie,20.0,0.0,8.591821193695068,-20,44.10000000000001,True
222,223,Zombie,20.0,3.0,9.93248462677002,-20,59.040001499999995,True
223,224,Witch,0.0,20.0,10.947188377380371,-20,60.0,False
224,225,Zombie,20.0,1.1666659999999993,8.763124942779541,-20,59.040004499999995,True
225,226,Zombie,20.0,0.0,8.387804508209229,-20,88.99758,True
226,227,Zombie,18.427629500000002,14.999998,12.06229281425476,-20,59.04,False
227,228,Zombie,20.0,2.0,8.04395079612732,-20,118.07999999999997,True
228,229,Witch,10.0,20.0,11.188560009002686,-45.0,105.0,False
229,230,Skeleton,20.0,6.833334000000001,6.912546396255493,-20,124.999997,True
230,231,Witch,0.0,20.0,10.744348526000977,-60.0,60.0,False
231,232,Skeleton,26.0,11.833332,9.6041100025177,-20,90.0,True
232,233,Witch,2.0,17.333333,11.982450246810913,-60.0,50.0,False
233,234,Zombie,20.0,6.0,3.3135838508605957,-20,103.32,True
234,235,Zombie,14.8968573,8.833334,11.97263789176941,-20,103.32,False
235,236,Skeleton,20.0,11.166668,9.784766674041748,-20,43.7135985,True
236,237,Skeleton,20.0,3.0000019999999985,8.85597276687622,-20,45.0,True
237,238,Skeleton,20.0,6.833334000000001,7.544832468032837,-20,45.0,True
238,239,Skeleton,20.0,2.0,4.708655595779419,-20,128.8656,True
239,240,Skeleton,20.0,12.000002,10.05562424659729,-20,45.0,True
240,241,Skeleton,20.0,11.000001,7.349970102310181,-20,92.09758500000004,True
241,242,Zombie,20.0,2.6666659999999993,9.151031732559204,-20,30.0,True
242,243,Zombie,20.0,4.0,6.178587436676025,-20,44.100015000000006,True
243,244,Zombie,15.847617,12.0,12.070170879364014,-20,89.03999999999999,False
244,245,Witch,0.0,0.0,12.000655174255371,-60.0,120.0,False
245,246,Skeleton,20.0,18.833334,11.295226335525513,-20,50.0,True
246,247,Witch,0.0,20.0,11.064493656158447,-30.0,60.00000000000001,False
247,248,Skeleton,20.0,2.8333340000000007,7.169681072235107,-20,104.99998500000001,True
248,249,Skeleton,20.0,4.500002,8.21590805053711,-20,80.2704,True
249,250,Witch,0.0,20.0,11.963379144668579,-60.0,150.0,False
250,251,Zombie,20.0,15.833333,10.6224844455719,-20,73.228161,True
251,252,Zombie,20.0,0.0,5.6829001903533936,-20,73.8,True
252,253,Zombie,20.0,1.0,4.502647638320923,-20,103.31998800000001,True
253,254,Witch,0.0,8.833334,11.963401556015015,-45.0,30.0,False
254,255,Skeleton,20.0,15.666666,5.871882677078247,-20,60.0,True
255,256,Witch,1.0,3.8333340000000007,12.007022380828857,-60.0,92.0976,False
256,257,Zombie,20.0,2.6666659999999993,4.508721590042114,-20,132.83999550000001,True
257,258,Skeleton,20.0,2.1666659999999993,7.4343626499176025,-20,80.270385,True
258,259,Zombie,20.0,1.0,7.092001676559448,-20,88.56,True
259,260,Skeleton,20.0,11.166668,11.914323329925537,-20,59.9999997,True
260,261,Skeleton,20.0,0.0,7.588210344314575,-20,75.0,True
261,262,Skeleton,20.0,10.333333,9.103150367736816,-20,92.0976,True
262,263,Witch,0.0,7.166668,11.984041690826416,-60.0,75.0,False
263,264,Skeleton,20.0,7.333333,5.791518688201904,-20,51.2399985,True
264,265,Zombie,20.0,7.833330999999999,10.645745515823364,-20,59.04000750000001,True
265,266,Skeleton,20.0,2.0,4.651676654815674,-20,103.27200599999999,True
266,267,Witch,6.0,5.499999000000001,11.980197668075562,-60.0,60.0,False
267,268,Skeleton,20.0,6.833334000000001,5.008672475814819,-20,105.0,True
268,269,Skeleton,20.0,4.833334000000001,9.328125476837158,-20,100.2704,True
269,270,Zombie,14.9436517,12.999998999999999,11.968973636627197,-20,59.04,False
270,271,Zombie,20.0,7.833334000000001,8.851985216140747,-20,103.31998544999999,True
271,272,Skeleton,20.0,2.0,5.52984619140625,-20,107.64962249999999,True
272,273,Witch,0.0,8.166667,11.962458610534668,-60.0,75.0,False
273,274,Skeleton,20.0,8.666668,8.894174575805664,-20,44.99999699999999,True
274,275,Skeleton,20.0,19.00000095,11.170660257339478,-20,80.27037000000001,True
275,276,Witch,0.0,14.0,11.989802360534668,-60.0,60.0,False
276,277,Skeleton,20.0,2.0,3.1488616466522217,-20,75.0,True
277,278,Skeleton,20.0,6.000002,7.677335262298584,-20,57.262399999999985,True
278,279,Zombie,15.129410700000001,12.833332,11.961438417434692,-20,44.10000000000002,False
279,280,Skeleton,20.0,0.0,5.541292667388916,-20,81.5903805,True
280,281,Zombie,20.0,6.166668,10.243554830551147,-20,73.8,True
281,282,Zombie,18.7223858,3.8333319999999986,11.96796989440918,-20,49.04,False
282,283,Witch,0.0,20.0,12.023096799850464,-54.359999999999985,60.0,False
283,284,Skeleton,20.0,4.833334000000001,10.864957094192505,-20,71.23999805,True
284,285,Skeleton,20.0,10.166668,10.770731925964355,-20,45.00000000000001,True
285,286,Zombie,20.0,0.0,10.265162229537964,-20,59.04,True
286,287,Skeleton,15.941441000000001,13.500002,11.97709321975708,-20,33.71359999999999,False
287,288,Witch,0.0,20.0,10.743005514144897,-45.0,60.0,False
288,289,Zombie,20.0,0.0,7.910531044006348,-20,35.69382,True
289,290,Zombie,20.0,0.0,10.18900203704834,-20,73.8000075,True
290,291,Zombie,20.0,12.833333,10.420472383499146,-20,64.22608499999997,True
291,292,Witch,3.0,14.833333,11.969558477401733,-60.0,75.0,False
292,293,Skeleton,20.0,11.833334,10.616770029067993,-20,51.24000000000001,True
293,294,Zombie,20.0,8.000001,6.5140228271484375,-20,78.9860655,True
294,295,Witch,0.0,20.0,10.933207511901855,-60.0,60.00000059999999,False
295,296,Skeleton,20.0,2.8333340000000007,7.662674427032471,-20,69.518397,True
296,297,Skeleton,20.0,14.0,10.594333410263062,-20,59.8415925,True
297,298,Witch,0.0,19.83333111,11.955302000045776,-60.0,60.0,False
298,299,Zombie,20.0,10.833331,8.896039724349976,-20,122.20971,True
299,300,Zombie,20.0,1.1666659999999993,10.064617395401001,-20,103.3200075,True
300,301,Skeleton,20.0,0.0,6.964816570281982,-20,60.0,True
301,302,Witch,0.0,15.500001000000001,12.000934362411499,-60.0,60.00000000000001,False
302,303,Skeleton,20.0,0.0,6.2955358028411865,-20,75.0,True
303,304,Witch,0.0,11.666668,11.97564959526062,-60.0,105.0,False
304,305,Witch,0.0,20.0,9.474615812301636,-45.0,60.00000059999999,False
305,306,Skeleton,20.0,2.8333340000000007,8.69274616241455,-20,47.606385,True
306,307,Skeleton,20.0,3.3333340000000007,5.622145414352417,-20,70.270385,True
307,308,Zombie,20.0,5.833334000000001,11.008716583251953,-20,73.8000075,True
308,309,Zombie,20.0,0.0,5.342258453369141,-20,78.98607000000001,True
309,310,Skeleton,20.0,16.3333359,10.387695550918579,-20,60.0,True
310,311,Witch,0.0,20.0,11.842982053756714,-60.0,75.0,False
311,312,Skeleton,20.0,6.833333,8.8973867893219,-20,60.0,True
312,313,Zombie,20.0,1.5,7.715681076049805,-20,132.84,True
313,314,Witch,1.0,20.0,11.79409146308899,-60.0,75.0,False
314,315,Witch,0.0,2.0,11.99989652633667,-60.0,60.0,False
315,316,Skeleton,17.3843193,20.0,9.858110189437866,-20,80.27039099999999,False
316,317,Skeleton,20.0,1.0,4.041658639907837,-20,104.9999982,True
317,318,Witch,0.0,19.16666794,12.048174858093262,-60.0,50.0,False
318,319,Zombie,20.0,14.833334,7.486760139465332,-20,73.8000075,True
319,320,Skeleton,20.0,6.833334000000001,5.825117111206055,-20,150.0,True
320,321,Skeleton,20.0,5.000002,8.36683177947998,-20,125.0,True
321,322,Witch,0.0,17.666666,11.996170997619629,-60.0,50.0,False
322,323,Witch,6.0,20.0,11.973252534866333,-52.209600000000016,60.00000000000001,False
323,324,Skeleton,20.0,0.0,6.301421642303467,-20,80.270385,True
324,325,Witch,0.0,20.0,11.474257707595825,-60.0,60.0,False
325,326,Witch,0.0,20.0,12.024726152420044,-60.0,75.0,False
326,327,Zombie,20.0,2.6666680000000014,6.536562919616699,-20,154.980015,True
327,328,Witch,0.0,20.0,11.73859167098999,-60.0,60.0,False
328,329,Witch,2.0,2.6666680000000014,12.041158676147461,-60.0,60.0,False
329,330,Witch,0.0,20.0,10.09778094291687,-61.66667,60.000001000000005,False
330,331,Witch,0.0,12.666665,11.962847232818604,-60.0,60.0,False
331,332,Skeleton,20.0,5.833332,9.698610305786133,-20,75.00000000000001,True
332,333,Zombie,20.0,4.833334000000001,9.805373907089233,-20,59.04,True
333,334,Skeleton,20.0,3.0000019999999985,6.707919597625732,-20,68.68803000000001,True
334,335,Witch,2.0,19.83333302,11.982468366622925,-60.0,60.0,False
335,336,Witch,0.0,18.1666651,11.976735830307007,-46.56961500000001,60.0,False
336,337,Witch,10.0,7.666665,11.959752559661865,-60.0,150.0,False
337,338,Skeleton,20.0,19.166666030000002,8.445916414260864,-20,60.000000299999996,True
338,339,Zombie,20.0,8.0,8.37783145904541,-20,42.764340000000004,True
339,340,Zombie,20.0,3.8333340000000007,7.922543287277222,-20,88.56,True
340,341,Skeleton,20.0,3.0000019999999985,9.199794292449951,-20,80.270385,True
341,342,Skeleton,20.0,4.166668,8.540876865386963,-20,44.99999999999997,True
342,343,Skeleton,20.0,5.833334000000001,6.873589515686035,-20,135.000006,True
343,344,Zombie,15.353645,0.0,11.998285055160522,-20,30.0,False
344,345,Witch,4.0,20.0,11.502795219421387,-30.0,60.0,False
345,346,Zombie,20.0,8.833331,7.817743539810181,-20,90.6240291,True
346,347,Zombie,20.0,12.833334,8.540282249450684,-20,122.84000000000003,True
347,348,Zombie,14.059972,20.0,8.178097248077393,-20,59.04,False
348,349,Zombie,20.0,0.0,8.326700210571289,-20,103.3200075,True
349,350,Witch,0.0,12.833332,11.955609798431396,-60.0,60.0,False
350,351,Skeleton,20.0,3.1666680000000014,8.49416470527649,-20,69.518394,True
351,352,Witch,4.0,14.833334,11.969921588897705,-60.0,135.0,False
352,353,Witch,9.416,8.666668,11.978503704071045,-60.0,135.0,False
353,354,Skeleton,20.0,9.000002,9.604923725128174,-20,104.99999249999999,True
354,355,Skeleton,20.0,2.0,7.504680633544922,-20,105.000006,True
355,356,Zombie,20.0,8.166666,7.668172597885132,-20,74.10000000000002,True
356,357,Zombie,20.0,10.833334,10.27720022201538,-20,68.406105,True
357,358,Skeleton,20.0,8.000002,9.755080699920654,-20,35.0,True
358,359,Witch,0.0,20.0,11.406638383865356,-60.0,60.0,False
359,360,Skeleton,20.0,2.0,6.846866607666016,-20,90.000006,True
360,361,Skeleton,19.2633606,13.000002,11.946547031402588,-20,50.0,False
361,362,Witch,0.0,19.83333302,12.013330698013306,-60.0,92.0976,False
362,363,Zombie,20.0,3.0,8.268298149108887,-20,44.5648275,True
363,364,Skeleton,20.0,0.0,7.401051759719849,-20,90.0,True
364,365,Witch,0.0,14.833331000000001,11.967804193496704,-60.0,75.0,False
365,366,Zombie,20.0,0.0,7.882439136505127,-20,90.62402999999999,True
366,367,Witch,2.0,20.0,10.657696008682251,-60.0,60.0,False
367,368,Zombie,20.0,2.1666659999999993,5.776859760284424,-20,135.936045,True
368,369,Skeleton,20.0,11.0,8.1591157913208,-20,45.0,True
369,370,Witch,0.3000000000000007,19.83333397,11.976932048797607,-51.749984999999974,70.0,False
370,371,Zombie,20.0,11.833332,7.595994472503662,-20,103.32,True
371,372,Skeleton,17.3209624,17.000002,11.975449562072754,-20,51.24000749999999,False
372,373,Zombie,20.0,0.0,11.803523302078247,-20,44.099999999999994,True
373,374,Skeleton,20.0,0.0,4.805441379547119,-20,105.0,True
374,375,Witch,0.0,12.166668,12.00069522857666,-60.0,104.99999999999997,False
375,376,Zombie,20.0,13.833333,7.366703033447266,-20,142.170285,True
376,377,Zombie,20.0,1.8333340000000007,8.95139217376709,-20,59.040001499999995,True
377,378,Witch,0.0,19.83333302,11.980191469192505,-60.0,60.0,False
378,379,Witch,3.0,10.666668,11.964487314224243,-60.0,59.999999999999986,False
379,380,Skeleton,20.0,3.3333340000000007,5.732820749282837,-20,59.84158499999999,True
380,381,Witch,10.0,13.166666,11.985343933105469,-60.0,149.99998499999998,False
381,382,Zombie,12.3201046,20.0,6.921711683273315,-20,59.03999249999999,False
382,383,Zombie,20.0,0.0,8.94835352897644,-20,88.56,True
383,384,Skeleton,20.0,7.833334000000001,8.46784782409668,-20,59.84158500000001,True
384,385,Witch,0.0,2.3333340000000007,11.997085809707642,-60.0,80.2704,False
385,386,Zombie,20.0,-1.0,4.987388372421265,-20,147.6,True
386,387,Witch,6.0,17.666666,11.970678567886353,-60.0,60.0,False
387,388,Skeleton,20.0,1.1666659999999993,5.1921679973602295,-20,104.999991,True
388,389,Witch,0.0,20.0,11.990140199661255,-30.0,60.0,False
389,390,Zombie,20.0,0.0,7.208356142044067,-20,44.10000000000002,True
390,391,Witch,0.0,2.5,11.998814582824707,-60.0,90.0,False
391,392,Zombie,20.0,0.0,4.129037141799927,-20,142.840003,True
392,393,Skeleton,20.0,1.6666659999999993,7.292457342147827,-20,45.0,True
393,394,Skeleton,20.0,8.166667,7.633404493331909,-20,68.6352,True
394,395,Witch,2.0,7.833333,11.988255262374878,-60.0,80.2704,False
395,396,Witch,0.0,20.0,8.119926691055298,-60.0,60.0,False
396,397,Skeleton,20.0,3.8333340000000007,9.939422845840454,-20,75.0,True
397,398,Witch,0.0,16.666666,11.98052716255188,-20,60.0,False
398,399,Witch,0.0,4.333332,12.076286792755127,-60.0,90.0,False
399,400,Witch,0.0,17.666668,12.001291513442993,-60.0,90.0,False
400,401,Zombie,20.0,4.666665999999999,10.553440570831299,-20,44.100014999999985,True
401,402,Zombie,20.0,3.0,8.046250581741333,-20,118.07999999999997,True
402,403,Witch,0.0,20.0,10.859562158584595,-60.0,70.0,False
403,404,Skeleton,20.0,0.0,9.689081192016602,-20,56.8080075,True
404,405,Zombie,20.0,3.0,7.546006679534912,-20,88.56,True
405,406,Skeleton,20.0,2.0,3.6140387058258057,-20,128.1463835,True
406,407,Witch,2.0,4.333334000000001,11.984166145324707,-60.0,80.0,False
407,408,Witch,0.0,19.5000019,11.98995852470398,-63.33334000000001,60.0,False
408,409,Skeleton,20.0,2.0,5.730355739593506,-20,92.09758949999998,True
409,410,Skeleton,20.0,6.000002,8.435617923736572,-20,60.0,True
410,411,Zombie,20.0,3.5,9.327882289886475,-20,103.319985,True
411,412,Skeleton,20.0,1.6666659999999993,5.5127551555633545,-20,80.27039549999999,True
412,413,Skeleton,20.0,2.0,5.359135627746582,-20,90.844785,True
413,414,Witch,0.2079999999999984,4.666668,11.975653171539307,-60.0,105.0,False
414,415,Zombie,20.0,4.833334000000001,9.625582933425903,-20,103.3199865,True
415,416,Skeleton,20.0,2.0,5.9863293170928955,-20,60.00000299999999,True
416,417,Witch,0.0,20.0,10.749887704849243,-60.0,60.0,False
417,418,Zombie,20.0,8.833334,11.008371114730835,-20,78.98606999999998,True
418,419,Zombie,15.6175327,12.000002,12.075376272201538,-20,103.31998050000001,False
419,420,Witch,0.0,19.66666794,11.986687898635864,-60.0,60.0,False
420,421,Zombie,20.0,3.0,9.478433847427368,-20,73.8000045,True
421,422,Zombie,12.258797000000001,20.0,10.925183534622192,-20,50.42015999999998,False
422,423,Skeleton,20.0,0.0,6.4977638721466064,-20,90.0,True
423,424,Skeleton,20.0,0.0,7.570214748382568,-20,80.270394,True
424,425,Zombie,20.0,2.1666680000000014,6.038825511932373,-20,108.07998500000001,True
425,426,Zombie,20.0,2.6666680000000014,9.830659627914429,-20,73.8,True
426,427,Skeleton,20.0,0.0,5.868529319763184,-20,60.0,True
427,428,Witch,3.0,4.833334000000001,11.98548936843872,-45.0,60.0,False
428,429,Zombie,20.0,9.833333,8.163195610046387,-20,78.40610500000003,True
429,430,Witch,3.0,20.0,11.618496417999268,-70.0,92.09758500000004,False
430,431,Zombie,20.0,2.0,9.704210996627808,-20,59.03999999999997,True
431,432,Skeleton,20.0,5.166668,9.656206607818604,-20,47.585600000000014,True
432,433,Skeleton,20.0,2.0,6.432373523712158,-20,90.0,True
433,434,Zombie,20.0,0.0,4.7758119106292725,-20,103.319985,True
434,435,Skeleton,20.0,2.0,4.398835182189941,-20,104.99998500000001,True
435,436,Zombie,20.0,0.0,10.02129578590393,-20,42.764346,True
436,437,Zombie,14.613889,10.333334,11.987945079803467,-20,44.100014999999985,False
437,438,Witch,6.0,6.500002,11.974348306655884,-60.0,90.0,False
438,439,Skeleton,20.0,5.166668,5.956587314605713,-20,85.00000600000001,True
439,440,Witch,2.0,15.833333,11.997964859008789,-60.0,60.0,False
440,441,Zombie,20.0,8.833332,7.2818896770477295,-20,78.986064,True
441,442,Skeleton,20.0,3.3333319999999986,7.7054901123046875,-20,59.99999999999997,True
442,443,Zombie,20.0,10.999999,8.003520250320435,-20,51.09050999999997,True
443,444,Witch,0.0,19.333333,11.955010175704956,-60.0,65.0,False
444,445,Skeleton,20.0,4.833334000000001,8.136414766311646,-20,51.24000000000001,True
445,446,Zombie,20.0,1.8333340000000007,9.84129810333252,-20,88.56,True
446,447,Skeleton,20.0,6.000002,8.00558853149414,-20,47.585599999999985,True
447,448,Skeleton,20.0,3.3333340000000007,7.362827777862549,-20,80.27038499999999,True
448,449,Zombie,20.0,0.0,8.279088497161865,-20,44.10000000000002,True
449,450,Witch,0.0,20.0,9.435523271560669,-60.0,60.000000000000014,False
450,451,Witch,0.0,8.666666,12.032886505126953,-60.0,60.0,False
451,452,Witch,0.0,20.0,10.86766529083252,-60.0,60.0,False
452,453,Skeleton,20.0,0.0,8.454769134521484,-20,45.0,True
453,454,Skeleton,20.0,5.000002,6.841578960418701,-20,75.0,True
454,455,Witch,0.0,15.666666,12.052409648895264,-60.0,60.0,False
455,456,Zombie,19.2812356,6.666668,12.01184344291687,-20,68.40610499999997,False
456,457,Zombie,20.0,12.000002,10.560152530670166,-20,44.100014999999985,True
457,458,Skeleton,20.0,10.000002,8.990961074829102,-20,84.8663955,True
458,459,Witch,1.0,19.83333111,11.965836763381958,-60.0,75.0,False
459,460,Zombie,20.0,2.6666659999999993,6.871520042419434,-20,68.40610049999998,True
460,461,Skeleton,20.0,9.000001,9.744760751724243,-20,92.09758500000001,True
461,462,Skeleton,20.0,0.0,7.331458568572998,-20,104.99998949999998,True
462,463,Zombie,20.0,8.333332,11.924726963043213,-20,59.039999999999985,True
463,464,Skeleton,20.0,1.1666659999999993,7.950458526611328,-20,75.0,True
464,465,Zombie,20.0,3.8333319999999986,5.543187618255615,-20,147.60000000000002,True
465,466,Skeleton,20.0,7.000002,10.148874521255493,-20,38.01441499999999,True
466,467,Witch,0.0,20.0,11.166335582733154,-60.0,60.0,False
467,468,Skeleton,20.0,1.1666659999999993,7.334964752197266,-20,75.0,True
468,469,Zombie,20.0,18.1666651,11.779008626937866,-20,59.04,True
469,470,Witch,0.0,20.0,11.963121175765991,-60.0,60.0,False
470,471,Skeleton,15.6399994,12.833334,12.035575866699219,-20,37.262399999999985,False
471,472,Skeleton,20.0,2.0,7.143874168395996,-20,92.09758500000001,True
472,473,Zombie,20.0,5.833333,10.071187496185303,-20,44.10000000000002,True
473,474,Witch,0.0,12.166666,12.033234119415283,-60.0,140.0,False
474,475,Skeleton,20.0,8.833334,7.445393085479736,-20,70.2383925,True
475,476,Witch,0.0,5.833334000000001,11.968475818634033,-60.0,150.0,False
476,477,Skeleton,20.0,15.166665,6.524016857147217,-20,112.0975895,True
477,478,Skeleton,20.0,3.5,7.455034494400024,-20,50.270385000000005,True
478,479,Witch,0.0,18.1666679,12.054648399353027,-60.0,80.0,False
479,480,Witch,0.0,20.0,11.900627851486206,-60.0,130.0,False
480,481,Witch,0.0,3.1666659999999993,12.010444402694702,-60.0,45.0,False
481,482,Witch,0.0,19.66666508,11.977431774139404,-60.0,60.000000799999995,False
482,483,Skeleton,20.0,3.8333340000000007,9.616121530532837,-20,45.0,True
483,484,Zombie,20.0,2.8333340000000007,9.852105855941772,-20,68.40609,True
484,485,Witch,1.0,19.83333302,11.974710702896118,-60.0,60.0,False
485,486,Witch,0.0,6.333335999999999,11.995100259780884,-60.0,92.0976,False
486,487,Witch,5.0,19.1666651,11.98393964767456,-60.0,75.0,False
487,488,Skeleton,20.0,10.0,8.13895058631897,-20,40.0,True
488,489,Skeleton,20.0,1.0000019999999985,9.203566551208496,-20,80.27038500000003,True
489,490,Zombie,14.3936715,15.833333,11.977021217346191,-20,44.099999999999994,False
490,491,Skeleton,13.38912,9.000001,11.987942218780518,-20,31.886399999999995,False
491,492,Skeleton,20.0,2.0,6.736427068710327,-20,82.0975835,True
492,493,Zombie,19.61871547,20.0,11.900328874588013,-20,59.04,False
493,494,Skeleton,20.0,6.833334000000001,6.6378395557403564,-20,75.0,True
494,495,Skeleton,20.0,13.000002,11.208329677581787,-20,51.23999849999999,True
495,496,Skeleton,20.0,13.166667,10.859020471572876,-20,50.0,True
496,497,Witch,0.49999599999999944,20.0,10.788475275039673,-60.0,60.000000000000014,False
497,498,Witch,0.0,16.666668,12.055704832077026,-60.0,60.0,False
498,499,Zombie,20.0,0.0,9.785266160964966,-20,73.8,True
499,500,Witch,0.0,10.166668,11.98598861694336,-60.0,45.0,False
500,501,Zombie,13.302844,20.0,10.191680669784546,-20,44.10000000000002,False
501,502,Witch,0.0,16.666668,12.012455224990845,-60.0,75.0,False
502,503,Zombie,20.0,2.0,11.754655361175537,-20,73.80000000000003,True
503,504,Witch,0.0,1.5,11.979844808578491,-60.0,85.0,False
504,505,Skeleton,20.0,5.833334000000001,5.620968341827393,-20,105.0,True
505,506,Skeleton,20.0,0.0,2.5655603408813477,-20,105.00000000000001,True
506,507,Skeleton,20.0,12.500002,8.173119068145752,-20,103.33334450000001,True
507,508,Witch,0.0,6.833334000000001,11.969023704528809,-60.0,75.0,False
508,509,Witch,0.0,20.0,11.984984636306763,-30.0,60.0,False
509,510,Skeleton,20.0,0.0,6.476241588592529,-20,75.0,True
510,511,Zombie,20.0,3.8333340000000007,10.36616563796997,-20,46.794872999999995,True
511,512,Witch,0.0,20.0,11.078089475631714,-60.0,60.0,False
512,513,Witch,1.0,2.0,12.013325929641724,-60.0,60.0,False
513,514,Zombie,20.0,6.833334000000001,8.374854326248169,-20,73.8,True
514,515,Zombie,20.0,0.0,8.666838645935059,-20,73.8,True
515,516,Skeleton,20.0,13.333334,10.718088150024414,-20,138.1463865,True
516,517,Witch,0.0,0.5,11.970974683761597,-60.0,150.0,False
517,518,Witch,0.0,20.0,10.52501654624939,-45.0,60.0,False
518,519,Skeleton,20.0,2.0,4.7779154777526855,-20,105.0,True
519,520,Zombie,20.0,0.0,6.779426336288452,-20,73.8,True
520,521,Zombie,20.0,5.166665999999999,9.568368673324585,-20,50.42016494999999,True
521,522,Zombie,20.0,0.0,3.112778902053833,-20,147.59999999999997,True
522,523,Zombie,19.54849422,17.833333,12.00692081451416,-20,78.9860595,False
523,524,Zombie,20.0,13.666665,7.342308759689331,-20,90.624027,True
524,525,Zombie,20.0,3.5,6.863229513168335,-20,135.93603750000003,True
525,526,Zombie,20.0,4.833334000000001,7.76854133605957,-20,77.069664,True
526,527,Zombie,15.503663,6.833333,12.056716918945312,-20,30.0,False
527,528,Witch,0.0,20.0,10.225322008132935,-45.0,60.0,False
528,529,Witch,6.480640000000001,13.666666,12.017197370529175,-60.0,75.0,False
529,530,Witch,0.0,20.0,10.623391389846802,-70.0,60.0,False
530,531,Skeleton,20.0,2.0,7.105020999908447,-20,59.84158500000001,True
531,532,Skeleton,20.0,1.1666680000000014,6.722034454345703,-20,60.0,True
532,533,Zombie,20.0,3.0,9.319684267044067,-20,31.190118,True
533,534,Skeleton,20.0,1.0,8.332037687301636,-20,60.0,True
534,535,Skeleton,20.0,0.0,4.075743198394775,-20,59.84160000000003,True
535,536,Skeleton,20.0,1.0,2.966421365737915,-20,138.146385,True
536,537,Witch,0.0,20.0,11.914832592010498,-60.0,90.0,False
537,538,Zombie,20.0,0.0,7.605578660964966,-20,73.80000749999998,True
538,539,Witch,0.0,1.0,12.037455320358276,-60.0,60.0,False
539,540,Zombie,20.0,2.0,4.601801872253418,-20,103.32,True
540,541,Witch,0.0,18.1666651,11.98909044265747,-70.0,92.0976,False
541,542,Witch,1.0,13.666668,11.987181186676025,-60.0,75.0,False
542,543,Skeleton,20.0,19.83333397,9.18975305557251,-20,45.0,True
543,544,Zombie,20.0,3.0,5.274514198303223,-20,103.32,True
544,545,Skeleton,20.0,0.0,5.713144779205322,-20,104.99999999999999,True
545,546,Skeleton,20.0,0.8333340000000007,5.987626075744629,-20,64.99999999999999,True
546,547,Witch,1.0,2.8333340000000007,11.989904642105103,-60.0,90.0,False
547,548,Zombie,20.0,12.1666656,5.280949354171753,-20,103.3200075,True
548,549,Witch,0.0,20.0,10.9022057056427,-60.0,95.0,False
549,550,Skeleton,20.0,10.833334,10.529867887496948,-20,45.0,True
550,551,Skeleton,20.0,3.3333340000000007,5.820204496383667,-20,105.00000449999999,True
551,552,Skeleton,20.0,3.1666659999999993,6.660464286804199,-20,112.09758500000001,True
552,553,Witch,0.0,7.666664000000001,12.030384063720703,-60.0,90.0,False
553,554,Skeleton,20.0,1.0,4.029662847518921,-20,75.0,True
554,555,Witch,2.0,8.333333,12.056142330169678,-60.0,60.0,False
555,556,Skeleton,20.0,8.166666,5.536255121231079,-20,69.5183955,True
556,557,Skeleton,20.0,10.833334,10.2235848903656,-20,49.999999999999986,True
557,558,Skeleton,20.0,2.0,3.522660970687866,-20,80.27039099999999,True
558,559,Zombie,20.0,4.166665999999999,8.813137531280518,-20,73.8000075,True
559,560,Zombie,20.0,0.0,8.104552984237671,-20,44.10000000000002,True
560,561,Skeleton,20.0,11.166668,8.770448207855225,-20,92.09758499999998,True
561,562,Skeleton,20.0,2.0,5.4010419845581055,-20,135.0,True
562,563,Witch,0.0,19.9999980926514,11.997815608978271,-60.0,75.0,False
563,564,Zombie,20.0,10.833333,11.838105201721191,-20,44.1000015,True
564,565,Skeleton,20.0,3.1666680000000014,7.056482315063477,-20,92.09758500000001,True
565,566,Skeleton,20.0,1.6666659999999993,5.157973527908325,-20,80.2704,True
566,567,Witch,0.0,7.666667,12.062521934509277,-60.0,60.0,False
567,568,Skeleton,20.0,13.833333,5.12144923210144,-20,104.99999849999999,True
568,569,Zombie,20.0,0.0,4.836090803146362,-20,71.71758,True
569,570,Witch,0.0,19.333333,11.945815801620483,-55.0,60.0,False
570,571,Zombie,10.497928,1.0,11.981281042098999,-20,30.0,False
571,572,Skeleton,20.0,3.5000019999999985,5.995508432388306,-20,123.04801499999999,True
572,573,Witch,0.0,9.166668,11.98405385017395,-60.0,45.0,False
573,574,Witch,0.0,16.666666,11.9827139377594,-60.0,150.0,False
574,575,Skeleton,20.0,0.0,4.4207923412323,-20,69.51840000000001,True
575,576,Witch,1.0,6.166668,11.986682176589966,-60.0,90.0,False
576,577,Witch,0.0,20.0,10.585589408874512,-70.0,75.0,False
577,578,Witch,0.0,10.166668,12.040573358535767,-60.0,60.0,False
578,579,Skeleton,20.0,6.166667,9.674290418624878,-20,45.0,True
579,580,Witch,2.0,16.833333,11.95630693435669,-51.24000000000001,51.24000000000001,False
580,581,Skeleton,20.0,9.833333,6.416506052017212,-20,80.270385,True
581,582,Zombie,20.0,4.833334000000001,11.576878786087036,-20,59.04,True
582,583,Skeleton,20.0,7.000002,6.920172929763794,-20,60.0,True
583,584,Witch,0.0,13.166668,11.972454071044922,-60.0,90.0,False
584,585,Witch,0.0,20.0,9.073386430740356,-60.0,60.0,False
585,586,Skeleton,20.0,0.0,5.053562164306641,-20,104.999982,True
586,587,Skeleton,20.0,12.000002,11.277921199798584,-20,60.0,True
587,588,Witch,0.14999999999999858,6.500002,11.96091914176941,-70.0,45.0,False
588,589,Zombie,20.0,7.833334000000001,9.944493532180786,-20,54.099999999999994,True
589,590,Witch,0.0,19.83333397,11.983373880386353,-45.0,59.99999999999999,False
590,591,Witch,0.0,19.3333359,11.989906549453735,-60.0,150.0,False
591,592,Zombie,20.0,7.833334000000001,8.941176176071167,-20,73.8,True
592,593,Zombie,20.0,18.0000019,11.119681358337402,-20,78.98607000000001,True
593,594,Zombie,20.0,2.0,5.817026376724243,-20,103.32,True
594,595,Zombie,20.0,0.0,9.628484010696411,-20,58.406105000000025,True
595,596,Skeleton,20.0,2.0,9.131668329238892,-20,68.054394,True
596,597,Witch,8.0,17.999998,11.982080698013306,-60.0,130.0,False
597,598,Zombie,8.3148775,20.0,7.61338996887207,-20,44.10000000000002,False
598,599,Zombie,20.0,13.833333,9.60823369026184,-20,88.55999999999997,True
599,600,Zombie,20.0,0.0,9.827102661132812,-20,88.377015,True
600,601,Skeleton,20.0,0.8333340000000007,6.396552562713623,-20,104.999998905,True
601,602,Zombie,20.0,6.000002,11.876325368881226,-20,53.20240499999998,True
602,603,Skeleton,20.0,1.3333359999999992,7.419236898422241,-20,120.0,True
603,604,Skeleton,20.0,4.000002,8.136521339416504,-20,60.0,True
604,605,Witch,3.0,16.666666,12.058381080627441,-60.0,60.0,False
605,606,Zombie,20.0,11.833334,9.0141019821167,-20,59.03999999999997,True
606,607,Zombie,20.0,4.000002,8.953959226608276,-20,44.10000000000002,True
607,608,Zombie,20.0,2.0,9.475581645965576,-20,68.406096,True
608,609,Skeleton,20.0,8.333336,9.288712501525879,-20,59.84158500000001,True
609,610,Witch,3.0,14.000002,12.047831535339355,-60.0,90.0,False
610,611,Witch,4.0,20.0,7.336855888366699,-45.0,60.0,False
611,612,Skeleton,20.0,9.833332,9.519344568252563,-20,47.585600000000014,True
612,613,Zombie,20.0,0.5,6.375676393508911,-20,90.6240315,True
613,614,Skeleton,20.0,0.0,7.824350595474243,-20,60.00001499999999,True
614,615,Witch,4.0,9.666668,11.978310585021973,-30.0,50.0,False
615,616,Skeleton,20.0,1.0,6.5435755252838135,-20,60.0,True
616,617,Zombie,17.838897199999998,1.8333340000000007,11.96726655960083,-20,51.09051,False
617,618,Skeleton,20.0,3.0,8.683893203735352,-20,60.0,True
618,619,Skeleton,20.0,10.833334,8.509498119354248,-20,105.0,True
619,620,Skeleton,20.0,3.1666680000000014,7.552126884460449,-20,59.17813550000001,True
620,621,Skeleton,20.0,1.0,5.789856672286987,-20,75.0,True
621,622,Witch,0.0,14.333334,11.962810277938843,-60.0,60.0,False
622,623,Witch,0.0,20.0,11.571547031402588,-60.0,90.0,False
623,624,Zombie,20.0,3.3333319999999986,7.204157590866089,-20,59.04,True
624,625,Zombie,20.0,2.0,7.895282983779907,-20,59.04,True
625,626,Skeleton,20.0,0.0,5.033144235610962,-20,80.2704,True
626,627,Witch,2.0,1.1666659999999993,11.98068642616272,-70.0,120.0,False
627,628,Witch,0.0,17.666666,11.994755506515503,-60.0,60.0,False
628,629,Zombie,14.985942399999999,12.666665,12.031084537506104,-20,68.406105,False
629,630,Witch,0.3000000000000007,0.8333340000000007,11.990418910980225,-60.0,35.0,False
630,631,Zombie,20.0,1.0,5.605810642242432,-20,103.8,True
631,632,Zombie,20.0,0.0,9.3719162940979,-20,78.986055,True
632,633,Witch,0.0,5.666668,12.010637998580933,-69.99999999999999,60.0,False
633,634,Witch,4.0,19.16666794,11.998599290847778,-60.0,70.0000004,False
634,635,Skeleton,20.0,4.833334000000001,6.140405654907227,-20,94.9999925,True
635,636,Skeleton,20.0,2.8333340000000007,8.29320502281189,-20,59.841594000000015,True
636,637,Witch,0.0,9.666664,11.968349695205688,-60.0,60.0,False
637,638,Zombie,20.0,12.166666,6.386772871017456,-20,103.32000000000002,True
638,639,Skeleton,20.0,8.000001,9.631476163864136,-20,69.51840000000001,True
639,640,Zombie,20.0,18.999999,11.167425155639648,-20,59.04000750000001,True
640,641,Zombie,20.0,6.833332,10.303150415420532,-20,42.764339999999976,True
641,642,Witch,0.0,16.833332,11.978054285049438,-60.0,60.0,False
642,643,Witch,5.0,20.0,10.737156629562378,-60.0,75.0,False
643,644,Zombie,20.0,5.833334000000001,10.106714963912964,-20,73.8000015,True
644,645,Skeleton,20.0,2.0,9.37459659576416,-20,43.71359999999999,True
645,646,Zombie,20.0,0.0,10.025890827178955,-20,141.985515,True
646,647,Zombie,20.0,1.0,5.301102638244629,-20,89.03999999999996,True
647,648,Zombie,20.0,2.0000019999999985,11.853797674179077,-20,108.986058,True
648,649,Zombie,20.0,0.0,5.654131174087524,-20,103.32,True
649,650,Skeleton,20.0,10.666668,9.600797176361084,-20,51.24000000000001,True
650,651,Zombie,20.0,2.0000019999999985,10.014566659927368,-20,73.8,True
651,652,Witch,4.0,20.0,11.146181106567383,-45.0,60.0,False
652,653,Skeleton,20.0,0.8333340000000007,7.736407279968262,-20,104.999991,True
653,654,Skeleton,20.0,1.6666659999999993,6.132304668426514,-20,100.27038950000001,True
654,655,Witch,0.0,0.0,11.983514070510864,-60.0,75.0,False
655,656,Skeleton,20.0,5.666664000000001,5.801518201828003,-20,60.0,True
656,657,Zombie,20.0,0.0,8.185677528381348,-20,44.100015000000006,True
657,658,Skeleton,20.0,1.8333340000000007,9.63812518119812,-20,30.0,True
658,659,Skeleton,20.0,8.000002,8.522010326385498,-20,69.518385,True
659,660,Skeleton,20.0,5.000002,8.75568962097168,-20,49.99999999999999,True
660,661,Skeleton,20.0,2.3333340000000007,6.799252271652222,-20,69.518394,True
661,662,Skeleton,20.0,8.000002,8.888203144073486,-20,74.99999400000002,True
662,663,Skeleton,20.0,0.0,3.837428331375122,-20,79.84158499999998,True
663,664,Skeleton,20.0,10.166668,10.5064115524292,-20,94.070391,True
664,665,Witch,0.0,20.0,11.907784700393677,-60.0,63.33333,False
665,666,Skeleton,20.0,13.833334,10.808083772659302,-20,69.51839399999999,True
666,667,Zombie,19.939689875,19.9999990463257,11.978276014328003,-20,44.100015000000006,False
667,668,Zombie,20.0,7.833332,7.133672714233398,-20,90.624033,True
668,669,Zombie,20.0,3.0,7.268295764923096,-20,50.42014500000002,True
669,670,Skeleton,20.0,0.0,5.295375108718872,-20,45.0,True
670,671,Zombie,20.0,10.333332,6.974424362182617,-20,68.40609599999999,True
671,672,Zombie,20.0,2.1666659999999993,7.291867971420288,-20,103.3200075,True
672,673,Skeleton,20.0,5.166667,7.423352003097534,-20,80.270385,True
673,674,Skeleton,20.0,0.0,6.8542211055755615,-20,31.886401499999998,True
674,675,Witch,0.0,17.000002,11.98685073852539,-60.0,60.000000000000014,False
675,676,Skeleton,20.0,17.1666641,9.662866115570068,-20,45.0,True
676,677,Zombie,20.0,4.000002,10.111416578292847,-20,88.56,True
677,678,Zombie,20.0,0.0,6.947995185852051,-20,44.100014999999985,True
678,679,Skeleton,20.0,0.0,4.671531915664673,-20,74.99999999999999,True
679,680,Witch,0.0,20.0,11.53484582901001,-60.0,70.0,False
680,681,Skeleton,20.0,3.3333319999999986,5.992657423019409,-20,105.0,True
681,682,Witch,0.0,6.0,12.06898307800293,-60.0,105.0,False
682,683,Zombie,20.0,13.999998999999999,8.085593938827515,-20,90.62403,True
683,684,Witch,0.0,11.833333,12.029496192932129,-60.0,75.0,False
684,685,Witch,0.0,20.0,8.664132595062256,-45.0,60.0,False
685,686,Skeleton,26.0,5.833334000000001,8.5602285861969,-20,90.0,True
686,687,Zombie,20.0,2.0000019999999985,9.690137147903442,-20,73.8,True
687,688,Zombie,20.0,4.166665999999999,9.134279489517212,-20,44.10000599999999,True
688,689,Witch,3.0,0.0,11.995680570602417,-60.0,90.0,False
689,690,Zombie,16.2847953,20.0,10.723012208938599,-20,44.100015000000006,False
690,691,Witch,3.0,17.666668,11.984678268432617,-60.0,60.0,False
691,692,Zombie,20.0,0.0,6.40773868560791,-20,103.32001499999998,True
692,693,Zombie,20.0,0.0,9.28619384765625,-20,44.10000750000001,True
693,694,Zombie,20.0,4.333333,10.607306003570557,-20,68.40610050000001,True
694,695,Skeleton,20.0,0.0,4.006660461425781,-20,105.0,True
695,696,Witch,3.0,19.83333302,11.989248037338257,-30.0,60.0,False
696,697,Skeleton,20.0,9.833334,7.815519571304321,-20,115.0000075,True
697,698,Skeleton,20.0,6.000002,8.601723432540894,-20,44.99999249999999,True
698,699,Skeleton,20.0,7.833334000000001,9.382928609848022,-20,50.0,True
699,700,Zombie,20.0,10.999999,9.935302019119263,-20,108.986055,True
700,701,Skeleton,20.0,4.5,7.892196416854858,-20,48.7872,True
701,702,Witch,0.0,14.166668,12.062811613082886,-61.66665999999999,90.0,False
702,703,Witch,0.0,10.666668,12.034298181533813,-45.0,60.0,False
703,704,Skeleton,20.0,7.666664000000001,5.444684028625488,-20,50.0,True
704,705,Zombie,20.0,12.833333,6.253534555435181,-20,103.32,True
705,706,Zombie,13.4848213,18.8333311,11.982397556304932,-20,53.202405000000006,False
706,707,Zombie,20.0,6.833334000000001,11.599446058273315,-20,78.98607000000001,True
707,708,Witch,0.0,12.666665,12.002217531204224,-60.0,60.0,False
708,709,Witch,0.0,19.666666030000002,11.977904796600342,-60.0,60.0,False
709,710,Zombie,14.9625454,9.666664,11.988939762115479,-20,58.79999999999997,False
710,711,Zombie,20.0,7.000002,11.889794826507568,-20,84.41844,True
711,712,Skeleton,20.0,5.000002,6.931566953659058,-20,45.000000299999996,True
712,713,Witch,0.0,9.833332,11.982213497161865,-60.0,60.0,False
713,714,Witch,0.0,20.0,10.170127868652344,-30.0,60.0,False
714,715,Zombie,20.0,3.0,6.968674659729004,-20,59.0400015,True
715,716,Zombie,17.894815,3.5000019999999985,11.98385238647461,-20,44.10000000000001,False
716,717,Witch,0.0,20.0,8.320215463638306,-45.0,60.0,False
717,718,Witch,0.0,7.666668,12.012909412384033,-46.66665999999999,55.0,False
718,719,Witch,0.0,18.5000019,11.976918697357178,-60.0,75.0,False
719,720,Skeleton,20.0,5.833332,6.613786458969116,-20,70.0,True
720,721,Skeleton,20.0,0.0,4.244030475616455,-20,150.000006,True
721,722,Zombie,20.0,5.166665,6.7937023639678955,-20,101.70483899999999,True
722,723,Witch,0.0,1.1666659999999993,11.999311208724976,-60.0,104.55839999999998,False
723,724,Zombie,20.0,10.166666,11.544797658920288,-20,50.420175,True
724,725,Zombie,20.0,0.0,5.209771394729614,-20,50.420175,True
725,726,Witch,1.3983999999999988,5.000002,12.040780544281006,-60.0,59.84158500000001,False
726,727,Skeleton,20.0,18.833334,7.144462585449219,-20,45.0,True
727,728,Skeleton,20.0,0.0,6.155935287475586,-20,105.0,True
728,729,Witch,0.14999999999999858,12.333332,12.086885213851929,-51.749984999999974,60.0,False
729,730,Witch,2.0,20.0,10.951773166656494,-60.0,50.0,False
730,731,Zombie,20.0,0.0,9.841570138931274,-20,68.98605500000002,True
731,732,Witch,0.0,16.833334,11.99972915649414,-70.0,60.0,False
732,733,Zombie,20.0,5.333333,7.411262273788452,-20,73.80001499999999,True
733,734,Skeleton,20.0,1.8333319999999986,9.172264814376831,-20,31.886400000000023,True
734,735,Witch,3.0,7.333333,11.993234157562256,-60.0,75.0,False
735,736,Witch,3.0,20.0,9.306438446044922,-47.53921500000003,60.0,False
736,737,Skeleton,20.0,1.1666659999999993,6.3463239669799805,-20,65.64,True
737,738,Skeleton,20.0,5.000002,9.959078788757324,-20,80.270385,True
738,739,Zombie,20.0,9.0,7.224357604980469,-20,44.10000000000002,True
739,740,Zombie,20.0,2.6666659999999993,7.4696245193481445,-20,103.31998499999999,True
740,741,Zombie,18.76516,5.833333,11.962428569793701,-20,44.100014999999985,False
741,742,Zombie,20.0,4.0,8.662809133529663,-20,49.039992500000004,True
742,743,Zombie,20.0,16.999999,8.630768299102783,-20,79.42927499999999,True
743,744,Witch,0.0,20.0,12.059882879257202,-70.0,180.0,False
744,745,Zombie,20.0,2.6666659999999993,7.787826061248779,-20,88.56000750000001,True
745,746,Skeleton,20.0,18.833333,10.774185419082642,-20,89.3936,True
746,747,Zombie,20.0,3.1666680000000014,8.76184892654419,-20,73.8,True
747,748,Witch,0.0,0.0,12.051090955734253,-60.0,105.0,False
748,749,Zombie,20.0,9.666665,9.918546199798584,-20,50.420159999999996,True
749,750,Witch,0.0,20.0,10.879065752029419,-30.0,60.0,False
750,751,Skeleton,20.0,13.833334,11.172945976257324,-20,59.99999400000001,True
751,752,Witch,0.0,20.0,11.980936050415039,-46.886399999999995,60.0,False
752,753,Skeleton,20.0,4.833334000000001,6.7325522899627686,-20,105.0,True
753,754,Zombie,20.0,5.500002,6.695512294769287,-20,103.3199925,True
754,755,Zombie,17.6763964,17.833333,11.975271224975586,-20,44.10000000000002,False
755,756,Zombie,20.0,1.0,6.905098915100098,-20,73.80000000000003,True
756,757,Skeleton,20.0,5.333334000000001,7.204635858535767,-20,104.99998500000001,True
757,758,Witch,3.0,20.0,10.833109855651855,-60.0,60.0,False
758,759,Witch,2.0,20.0,11.43929648399353,-60.0,75.0,False
759,760,Witch,0.0,17.666666499999998,11.999451160430908,-60.0,60.0,False
760,761,Zombie,13.3942065,20.0,8.145886182785034,-20,133.3200003,False
761,762,Skeleton,20.0,6.833334000000001,7.7013444900512695,-20,45.000000449999995,True
762,763,Skeleton,20.0,2.8333340000000007,8.07974886894226,-20,65.0,True
763,764,Skeleton,20.0,2.0,4.580681085586548,-20,98.76000900000001,True
764,765,Witch,2.7499980000000015,11.500002,11.97375202178955,-60.0,90.0,False
765,766,Skeleton,20.0,2.8333340000000007,3.9625978469848633,-20,147.5,True
766,767,Zombie,20.0,1.8333340000000007,8.675774574279785,-20,59.04000000000003,True
767,768,Zombie,20.0,4.999998,9.97716474533081,-20,78.98607000000001,True
768,769,Zombie,19.91349125,17.833331,11.996941089630127,-20,88.56000750000001,False
769,770,Witch,0.0,8.166666,11.98112177848816,-60.0,80.2704,False
770,771,Skeleton,20.0,4.333333,7.245699405670166,-20,60.000007499999995,True
771,772,Witch,2.1257610000000007,0.8333340000000007,12.008080005645752,-60.0,75.0,False
772,773,Witch,0.0,19.0,10.94373083114624,-60.0,90.0,False
773,774,Skeleton,20.0,2.8333340000000007,8.5269935131073,-20,59.84158499999999,True
774,775,Zombie,20.0,2.0,8.696769714355469,-20,44.099999999999994,True
775,776,Witch,0.0,12.333334,12.006659030914307,-46.56961500000001,45.0,False
776,777,Skeleton,20.0,3.8333340000000007,7.171875,-20,35.0,True
777,778,Zombie,20.0,9.0,9.084234476089478,-20,52.21747500000003,True
778,779,Skeleton,20.0,5.0,7.6728973388671875,-20,105.0000045,True
779,780,Zombie,20.0,1.8333340000000007,8.42228102684021,-20,55.618964999999996,True
780,781,Witch,4.0,7.333334000000001,12.002672672271729,-60.0,60.0,False
781,782,Zombie,20.0,14.666668,10.225429773330688,-20,30.691145999999993,True
782,783,Skeleton,20.0,2.0,4.2190165519714355,-20,120.0,True
783,784,Skeleton,20.0,0.0,4.179036855697632,-20,80.270385,True
784,785,Witch,0.0,20.0,10.486315488815308,-60.0,80.0,False
785,786,Zombie,16.7014742,4.833330999999999,12.028069019317627,-20,59.04,False
786,787,Zombie,16.777886,4.999999000000001,12.00682020187378,-20,118.56001499999999,False
787,788,Skeleton,20.0,3.0,6.282347202301025,-20,59.99999549999999,True
788,789,Skeleton,20.0,5.000002,8.390152215957642,-20,43.991997000000005,True
789,790,Skeleton,20.0,1.1666680000000014,7.6631224155426025,-20,59.84159249999999,True
790,791,Skeleton,20.0,2.0,7.607351064682007,-20,60.0,True
791,792,Zombie,20.0,2.5,9.240246295928955,-20,78.98607000000004,True
792,793,Zombie,20.0,3.0,10.28548264503479,-20,103.319985,True
793,794,Skeleton,20.0,0.16666599999999931,7.1394031047821045,-20,80.2703955,True
794,795,Zombie,20.0,1.999999998503199e-06,6.918794393539429,-20,44.100015000000006,True
795,796,Zombie,20.0,2.0,5.552155494689941,-20,81.58197,True
796,797,Zombie,20.0,0.0,11.674447059631348,-20,73.80001499999999,True
797,798,Zombie,20.0,7.166668,11.556013107299805,-20,59.04,True
798,799,Witch,0.0,16.833334,11.993131875991821,-52.209585000000004,60.0,False
799,800,Skeleton,20.0,0.0,4.298988580703735,-20,60.0,True
800,801,Witch,0.0,8.666668,12.008527278900146,-70.0,150.0,False
801,802,Skeleton,20.0,0.0,6.558558225631714,-20,92.09758499999998,True
802,803,Witch,0.0,20.0,9.637821435928345,-30.0,50.0,False
803,804,Skeleton,20.0,6.833334000000001,11.087520122528076,-20,50.0,True
804,805,Skeleton,20.0,0.0,6.6479291915893555,-20,80.27039250000001,True
805,806,Witch,0.0,5.000002,12.020293474197388,-65.0,60.0,False
806,807,Witch,2.0,18.8333321,12.057929992675781,-60.0,105.0,False
807,808,Witch,0.0,7.5,12.04470443725586,-70.0,90.0,False
808,809,Witch,0.0,20.0,11.533276796340942,-45.0,60.0,False
809,810,Witch,0.0,1.0,11.990960359573364,-60.0,80.2704,False
810,811,Witch,4.0,19.49999905,11.987285137176514,-60.0,75.0,False
811,812,Zombie,20.0,0.0,5.811646223068237,-20,120.62402999999999,True
812,813,Witch,0.0,3.1666680000000014,11.952256202697754,-60.0,90.0,False
813,814,Skeleton,14.5241594,20.0,7.458897590637207,-20,51.240005999999994,False
814,815,Witch,0.0,1.1666680000000014,12.037984609603882,-60.0,69.51840000000001,False
815,816,Skeleton,18.8819197,20.0,10.480408430099487,-20,59.99999699999999,False
816,817,Witch,0.48064000000000107,6.166668,11.998789310455322,-60.0,105.0,False
817,818,Skeleton,14.480640000000001,20.0,8.179651498794556,-20,65.0,False
818,819,Witch,8.0,10.166666,12.013049602508545,-60.0,115.0,False
819,820,Skeleton,20.0,2.0,4.942998647689819,-20,49.9999985,True
820,821,Witch,0.0,18.166666,11.955336093902588,-60.0,90.0,False
821,822,Skeleton,20.0,5.166665,4.476409435272217,-20,75.00000450000002,True
822,823,Zombie,20.0,0.0,9.512919425964355,-20,73.8,True
823,824,Zombie,20.0,0.0,9.419481992721558,-20,59.04,True
824,825,Zombie,19.66851074,18.166666,12.005219459533691,-20,78.986067,False
825,826,Skeleton,20.0,4.833333,7.476900577545166,-20,60.0,True
826,827,Witch,0.0,14.666664,11.981932640075684,-60.0,60.0,False
827,828,Skeleton,20.0,8.333333,8.843953609466553,-20,50.0,True
828,829,Zombie,20.0,2.0,8.62134861946106,-20,59.0400015,True
829,830,Skeleton,20.0,5.166667,8.073370218276978,-20,60.0,True
830,831,Zombie,20.0,0.0,7.7396180629730225,-20,103.32000600000002,True
831,832,Zombie,20.0,11.000002,10.629569053649902,-20,59.04,True
832,833,Zombie,20.0,14.833333,11.071748495101929,-20,58.43473250000001,True
833,834,Zombie,20.0,2.3333319999999986,9.090162754058838,-20,147.6,True
834,835,Skeleton,20.0,0.0,6.769053936004639,-20,92.09758500000001,True
835,836,Skeleton,20.0,1.8333340000000007,7.082736492156982,-20,60.0,True
836,837,Witch,0.0,19.66666794,11.965710639953613,-60.0,70.0,False
837,838,Skeleton,20.0,10.833334,11.585866451263428,-20,37.2624,True
838,839,Skeleton,20.0,0.0,6.453237533569336,-20,92.09758695,True
839,840,Witch,1.3196809999999992,1.0,12.011908292770386,-60.00001499999999,90.0,False
840,841,Skeleton,19.4560003,20.0,9.123438835144043,-20,80.27040000000002,False
841,842,Skeleton,20.0,7.833332,8.672456979751587,-20,37.262392500000004,True
842,843,Witch,3.0,16.833332,11.95692753791809,-60.0,60.0,False
843,844,Zombie,20.0,7.833330999999999,8.729459762573242,-20,50.42017500000003,True
844,845,Zombie,20.0,7.833334000000001,6.729038238525391,-20,59.04,True
845,846,Witch,3.0,5.666665999999999,11.982046842575073,-60.0,75.0,False
846,847,Zombie,15.006386,20.0,9.590238571166992,-20,73.80000000000001,False
847,848,Skeleton,20.0,5.000002,7.831991672515869,-20,77.059164,True
848,849,Witch,0.0,4.666668,11.963230609893799,-60.0,105.0,False
849,850,Skeleton,20.0,17.5000019,11.56689715385437,-20,45.0,True
850,851,Witch,2.0,3.5000019999999985,12.047290563583374,-60.0,60.0,False
851,852,Witch,0.0,20.0,11.346330881118774,-60.0,105.0,False
852,853,Skeleton,20.0,6.333333,7.253605365753174,-20,80.2703925,True
853,854,Witch,0.0,15.833334,11.970293998718262,-60.0,60.0,False
854,855,Zombie,20.0,0.0,6.174945592880249,-20,73.79999999999997,True
855,856,Zombie,20.0,0.0,6.758597373962402,-20,73.79999999999998,True
856,857,Zombie,20.0,5.166665,7.685049057006836,-20,66.73943500000001,True
857,858,Skeleton,20.0,0.0,5.596884250640869,-20,105.0,True
858,859,Zombie,20.0,10.166668,8.94110894203186,-20,78.9860625,True
859,860,Zombie,20.0,5.000002,11.145713329315186,-20,58.8000015,True
860,861,Skeleton,20.0,4.833334000000001,8.821553468704224,-20,51.2399985,True
861,862,Witch,0.6499960000000016,0.0,11.999953031539917,-60.0,75.0,False
862,863,Witch,3.0,20.0,10.478603839874268,-60.0,150.0,False
863,864,Skeleton,20.0,5.333334000000001,9.341043472290039,-20,60.0,True
864,865,Skeleton,20.0,0.0,4.016080856323242,-20,105.000006,True
865,866,Witch,0.0,5.666668,11.996381759643555,-60.0,75.0,False
866,867,Skeleton,16.9551992,20.0,10.510668277740479,-20,80.270388,False
867,868,Witch,0.0,19.666666030000002,12.031239986419678,-60.0,75.0,False
868,869,Skeleton,20.0,4.833334000000001,9.253002643585205,-20,92.097585,True
869,870,Zombie,20.0,2.0,9.30923867225647,-20,50.03920499999996,True
870,871,Skeleton,20.0,3.3333319999999986,5.888992071151733,-20,92.09758500000001,True
871,872,Zombie,20.0,4.833334000000001,7.381596565246582,-20,103.32,True
872,873,Witch,0.0,18.1666665,11.965692281723022,-60.0,75.0,False
873,874,Skeleton,20.0,0.5,6.733901739120483,-20,80.0,True
874,875,Skeleton,20.0,1.1666659999999993,5.876362323760986,-20,90.0,True
875,876,Skeleton,20.0,0.8333340000000007,7.01890230178833,-20,50.0,True
876,877,Skeleton,20.0,1.1666680000000014,8.745935678482056,-20,92.09758500000001,True
877,878,Witch,0.0,3.0,11.988418817520142,-60.0,105.0,False
878,879,Skeleton,20.0,3.6666680000000014,7.1038658618927,-20,150.0000051,True
879,880,Witch,5.0,11.166666,11.972151517868042,-60.0,75.0,False
880,881,Witch,0.0,20.0,10.9492928981781,-60.0,85.0,False
881,882,Witch,3.1257599999999996,15.166668,11.991613864898682,-60.0,75.0,False
882,883,Zombie,20.0,16.666668,9.046466827392578,-20,73.8,True
883,884,Skeleton,20.0,6.000002,9.790323972702026,-20,51.24000000000001,True
884,885,Skeleton,20.0,7.000002,7.806269884109497,-20,69.5183925,True
885,886,Skeleton,20.0,8.000001,9.929741859436035,-20,38.0143985,True
886,887,Skeleton,20.0,12.000002,11.853219509124756,-20,60.0,True
887,888,Skeleton,20.0,2.0,4.651727914810181,-20,105.0,True
888,889,Zombie,20.0,1.8333340000000007,9.297911167144775,-20,73.8,True
889,890,Zombie,18.8550155,20.0,12.002763509750366,-20,49.79382,False
890,891,Zombie,20.0,9.833334,9.727265119552612,-20,78.98607000000001,True
891,892,Skeleton,20.0,10.000002,7.676799058914185,-20,69.51840000000001,True
892,893,Witch,0.0,12.500002,11.968709468841553,-60.0,60.000000000000014,False
893,894,Witch,0.0,15.000001000000001,11.975835800170898,-60.0,60.0,False
894,895,Skeleton,20.0,7.833334000000001,8.957367181777954,-20,80.0,True
895,896,Zombie,20.0,0.0,3.9701883792877197,-20,103.3200075,True
896,897,Zombie,20.0,8.333333,7.8433332443237305,-20,44.100015000000006,True
897,898,Witch,0.0,20.0,11.724038124084473,-45.0,60.0,False
898,899,Witch,0.0,3.5,12.000421285629272,-60.0,45.0,False
899,900,Zombie,20.0,9.833332,7.026541233062744,-20,78.98606550000001,True
900,901,Skeleton,20.0,0.0,6.518942356109619,-20,51.23999999999998,True
901,902,Skeleton,20.0,2.0,6.025083541870117,-20,80.27038949999998,True
902,903,Skeleton,20.0,2.0,5.634985446929932,-20,75.0,True
903,904,Skeleton,20.0,3.0,9.56212043762207,-20,45.0,True
904,905,Zombie,20.0,3.5,8.31447720527649,-20,103.32,True
905,906,Witch,0.0,0.0,11.970911026000977,-60.0,70.0,False
906,907,Witch,0.0,8.0,11.986233711242676,-60.0,60.0,False
907,908,Zombie,11.964016,20.0,9.205090761184692,-20,79.03999999999996,False
908,909,Zombie,20.0,0.0,6.288985013961792,-20,177.60001499999998,True
909,910,Skeleton,20.0,0.0,6.070690393447876,-20,105.0,True
910,911,Skeleton,20.0,3.333335999999999,8.415116786956787,-20,69.51838500000001,True
911,912,Zombie,20.0,2.0,7.749393939971924,-20,59.0400015,True
912,913,Witch,0.0,11.500002,11.98661208152771,-60.0,50.0,False
913,914,Witch,10.0,14.166667,11.987988948822021,-60.0,90.0,False
914,915,Zombie,20.0,0.0,7.515695095062256,-20,58.8,True
915,916,Witch,3.3000000000000007,2.5000019999999985,11.988168954849243,-60.0,75.0,False
916,917,Witch,6.0,20.0,11.979101657867432,-52.209600000000016,90.0,False
917,918,Witch,0.0,2.1666659999999993,11.981409311294556,-60.0,75.0,False
918,919,Skeleton,20.0,15.166665,7.8342742919921875,-20,75.0,True
919,920,Witch,0.0,4.666668,11.98669147491455,-60.0,45.0,False
920,921,Witch,0.0,20.0,7.923465013504028,-45.0,60.0,False
921,922,Witch,0.0,12.166668,12.01187515258789,-60.00001499999999,92.0976,False
922,923,Skeleton,20.0,12.833332,10.564056396484375,-20,43.71359999999999,True
923,924,Witch,2.0,0.0,11.96499490737915,-60.0,135.0,False
924,925,Witch,0.0,20.0,11.799779653549194,-45.0,60.0,False
925,926,Witch,0.0,16.666666,12.002353429794312,-51.24000000000001,60.0,False
926,927,Skeleton,20.0,14.166665,8.471661567687988,-20,45.0,True
927,928,Witch,2.0,20.0,10.696936845779419,-70.0,60.0,False
928,929,Witch,3.0,4.0,12.036497354507446,-60.0,50.0,False
929,930,Witch,0.0,20.0,9.077009916305542,-20,60.0,False
930,931,Witch,0.0,17.500002,12.006607294082642,-63.33334000000001,120.0,False
931,932,Witch,0.0,18.833333,11.97986912727356,-60.0,75.0,False
932,933,Witch,3.0,7.833333,12.035401821136475,-70.0,75.0,False
933,934,Zombie,20.0,7.833334000000001,8.735673666000366,-20,78.986064,True
934,935,Zombie,20.0,15.000002,11.690629243850708,-20,90.62403000000002,True
935,936,Witch,0.0,20.0,9.72304630279541,-30.0,60.0,False
936,937,Skeleton,20.0,2.0,5.27895975112915,-20,104.99998499999998,True
937,938,Zombie,16.798261,20.0,10.950985193252563,-20,73.79998499999998,False
938,939,Witch,0.0,13.500002,12.010001420974731,-60.0,90.0,False
939,940,Skeleton,20.0,5.000002,7.430782794952393,-20,105.0,True
940,941,Zombie,20.0,6.166665999999999,5.883470058441162,-20,88.56,True
941,942,Witch,7.0,10.666668,11.978115558624268,-60.0,90.0,False
942,943,Zombie,20.0,5.166665999999999,4.861098527908325,-20,143.40949,True
943,944,Zombie,20.0,4.833330999999999,6.716683626174927,-20,59.04,True
944,945,Zombie,17.4060764,0.0,11.964802742004395,-20,30.0,False
945,946,Skeleton,20.0,0.0,4.420756101608276,-20,150.0,True
946,947,Zombie,20.0,5.333335999999999,9.631127119064331,-20,111.4652175,True
947,948,Zombie,20.0,11.833334,8.678484678268433,-20,133.3200075,True
948,949,Witch,0.8999980000000001,9.333334,12.001038789749146,-60.0,90.0,False
949,950,Zombie,20.0,4.999999000000001,4.843013286590576,-20,103.32,True
950,951,Witch,0.0,11.666668,11.961298942565918,-60.0,60.0,False
951,952,Zombie,18.9311984,10.833332,11.993903875350952,-20,44.100015000000006,False
952,953,Zombie,20.0,0.0,6.009605407714844,-20,90.62402999999999,True
953,954,Zombie,20.0,2.0,8.158515691757202,-20,59.04000450000001,True
954,955,Skeleton,20.0,2.8333340000000007,6.724902153015137,-20,90.0,True
955,956,Skeleton,20.0,10.0,9.753823518753052,-20,90.0,True
956,957,Skeleton,20.0,1.6666659999999993,6.213124990463257,-20,92.09758500000001,True
957,958,Witch,5.0,11.666668,12.066738605499268,-60.0,75.0,False
958,959,Witch,0.0,20.0,10.180110454559326,-60.0,60.000000299999996,False
959,960,Witch,1.5999979999999994,8.166668,12.046627044677734,-60.0,75.0,False
960,961,Zombie,10.417593,20.0,8.209464073181152,-20,50.03920500000001,False
961,962,Skeleton,20.0,1.0,4.915235757827759,-20,105.0,True
962,963,Zombie,20.0,1.1666659999999993,6.861704111099243,-20,59.04,True
963,964,Skeleton,20.0,6.166668,10.11520004272461,-20,30.0,True
964,965,Zombie,19.950828493,2.0000019999999985,12.037185668945312,-20,88.56001499999999,False
965,966,Zombie,20.0,3.1666680000000014,7.303447008132935,-20,76.031985,True
966,967,Zombie,20.0,7.833333,8.526621341705322,-20,72.76433999999998,True
967,968,Skeleton,20.0,4.500002,7.1593968868255615,-20,105.00000045,True
968,969,Skeleton,20.0,11.000002,10.57250165939331,-20,45.000000449999995,True
969,970,Skeleton,20.0,8.000002,8.534746646881104,-20,125.00000599999998,True
970,971,Skeleton,20.0,2.0,7.181541442871094,-20,80.27038499999999,True
971,972,Skeleton,20.0,3.333335999999999,5.853761911392212,-20,104.99998500000001,True
972,973,Zombie,20.0,0.0,11.463862419128418,-20,73.8,True
973,974,Zombie,19.5772386,2.5,11.981478691101074,-20,78.98606249999999,False
974,975,Witch,0.0,2.6666659999999993,11.995338201522827,-60.0,70.0,False
975,976,Skeleton,20.0,9.833331,6.827528715133667,-20,92.0975835,True
976,977,Zombie,20.0,0.0,8.897216081619263,-20,78.98607,True
977,978,Witch,0.0,3.5000019999999985,12.021660804748535,-60.0,80.2704,False
978,979,Zombie,20.0,19.666666030000002,7.601807594299316,-20,132.84000000000003,True
979,980,Witch,0.0,20.0,10.201627969741821,-60.0,90.0,False
980,981,Witch,8.0,0.0,11.990901708602905,-60.0,120.0,False
981,982,Zombie,20.0,19.0,9.301575422286987,-20,88.55999849999999,True
982,983,Skeleton,20.0,1.1666659999999993,4.976960897445679,-20,125.00000000000003,True
983,984,Skeleton,20.0,5.333335999999999,7.6592934131622314,-20,155.83333400000004,True
984,985,Witch,0.0,20.0,10.701035976409912,-60.0,60.0,False
985,986,Zombie,20.0,12.833332,10.542354345321655,-20,108.98606999999998,True
986,987,Skeleton,15.9296,14.833334,12.063626527786255,-20,60.0,False
987,988,Witch,3.0,16.000002,11.980063438415527,-60.0,60.0,False
988,989,Zombie,10.54493,20.0,6.7301249504089355,-20,38.800000000000026,False
989,990,Skeleton,20.0,14.833334,11.74837613105774,-20,75.0,True
990,991,Witch,2.0,11.833333,11.97312307357788,-45.0,68.33332999999999,False
991,992,Skeleton,20.0,11.833334,10.658901691436768,-20,44.99999400000001,True
992,993,Witch,0.0,18.5,12.007376670837402,-60.0,60.0,False
993,994,Zombie,20.0,2.0,8.257533550262451,-20,103.32001499999998,True
994,995,Zombie,20.0,3.8333340000000007,9.660181522369385,-20,59.04000000000003,True
995,996,Zombie,16.655814200000002,6.999999000000001,11.990856647491455,-20,59.04000000000003,False
996,997,Witch,0.0,20.0,11.982621669769287,-60.0,60.0,False
997,998,Skeleton,20.0,0.0,3.7703371047973633,-20,95.0,True
998,999,Zombie,20.0,5.833333,6.8742382526397705,-20,59.03999999999997,True
999,1000,Witch,5.0,13.333334,11.973734617233276,-45.0,75.0,False
